[
  {
    "content": "This is a copy of a security alert sent to klutchkavin@gmail.com.\r\nkavinkumarg4@gmail.com is the recovery email for this account. If you don't\r\nrecognize this account, remove\r\n<https://accounts.google",
    "label": "SYSTEM",
    "time": "2026-01-01 15:38:39"
  },
  {
    "content": "Please find the attached project report , ok\r\n",
    "label": "NOT_SPAM",
    "time": "2026-01-01 15:37:36"
  },
  {
    "content": "This is a copy of a security alert sent to klutchkavin@gmail.com.\r\nkavinkumarg4@gmail.com is the recovery email for this account. If you don't\r\nrecognize this account, remove\r\n<https://accounts.google",
    "label": "SYSTEM",
    "time": "2026-01-01 15:25:12"
  },
  {
    "content": "This is a copy of a security alert sent to klutchkavin@gmail.com.\r\nkavinkumarg4@gmail.com is the recovery email for this account. If you don't\r\nrecognize this account, remove\r\n<https://accounts.google",
    "label": "SYSTEM",
    "time": "2026-01-01 15:25:12"
  },
  {
    "content": "Please find the attached project report\r\n",
    "label": "NOT_SPAM",
    "time": "2026-01-01 15:24:09"
  },
  {
    "content": "    \"Congratulations! You won a free iPhone. Click now\",\r\n",
    "label": "SPAM",
    "time": "2026-01-01 15:24:08"
  }
]