[
    {
        "email": "\"Subject: naturally irresistible your corporate identity  lt is really hard to recollect a company : the  market is full of suqgestions and the information isoverwhelminq ; but a good  catchy logo , stylish statlonery and outstanding website  will make the task much easier .  we do not promise that havinq ordered a iogo your  company will automaticaily become a world ieader : it isguite ciear that  without good products , effective business organization and practicable aim it  will be hotat nowadays market ; but we do promise that your marketing efforts  will become much more effective . here is the list of clear  benefits : creativeness : hand - made , original logos , specially done  to reflect your distinctive company image . convenience : logo and stationery  are provided in all formats ; easy - to - use content management system letsyou  change your website content and even its structure . promptness : you  will see logo drafts within three business days . affordability : your  marketing break - through shouldn ' t make gaps in your budget . 100 % satisfaction  guaranteed : we provide unlimited amount of changes with no extra fees for you to  be surethat you will love the result of this collaboration . have a look at our  portfolio _ _ _ _ _ _ _ _ _ _ _ _ _ _ _ _ _ _ _ _ _ _ _ _ _ _ _ _ _ _ _ _ _ _ _ _ _ _ _ _ _ _ _ _ _ _ _ _ _ _ _ _ not interested . . . _ _ _ _ _ _ _ _ _ _ _ _ _ _ _ _ _ _ _ _ _ _ _ _ _ _ _ _ _ _ _ _ _ _ _ _ _ _ _ _ _ _ _ _ _ _ _ _ _ _ _ _\"",
        "result": "SPAM",
        "time": "31-12-2025 15:59"
    },
    {
        "email": "    \"Hey machi, tomorrow college pogalama?\",\r\n",
        "result": "NOT SPAM",
        "time": "31-12-2025 15:58"
    },
    {
        "email": "    \"Congratulations! You won a free iPhone. Click now\",\r\n",
        "result": "SPAM",
        "time": "31-12-2025 15:58"
    },
    {
        "email": "    \"Hey machi, tomorrow college pogalama?\",\r\n",
        "result": "NOT SPAM",
        "time": "31-12-2025 15:57"
    }
]