[
  {
    "content": "    \"Urgent offer!!! Limited time deal\",\r\n",
    "label": "SPAM",
    "time": "2026-01-01 15:39:51"
  },
  {
    "content": "    \"Hey machi, tomorrow college pogalama?\",\r\n",
    "label": "NOT_SPAM",
    "time": "2026-01-01 15:35:34"
  },
  {
    "content": "    \"Congratulations! You won a free iPhone. Click now\",\r\n",
    "label": "SPAM",
    "time": "2026-01-01 15:35:13"
  },
  {
    "content": "Hey machi, tomorrow college pogalama?",
    "label": "NOT_SPAM",
    "time": "2026-01-01 15:33:41"
  },
  {
    "content": "Hey machi, tomorrow college pogalama?",
    "label": "NOT_SPAM",
    "time": "2026-01-01 15:21:41"
  },
  {
    "content": "Congratulations! You won a free iPhone. Click now",
    "label": "SPAM",
    "time": "2026-01-01 15:21:04"
  },
  {
    "content": "click this link for free coupons",
    "label": "SPAM",
    "time": "2026-01-01 15:20:18"
  }
]